,symboling,normalized-losses,make,fuel-type,aspiration,num-of-doors,body-style,drive-wheels,engine-location,wheel-base,length,width,height,curb-weight,engine-type,num-of-cylinders,engine-size,fuel-system,bore,stroke,compression-ratio,horsepower,peak-rpm,price,city-L/100km,highway-L/100km,horsepower-bin,fuel-type-Diesel,diesel ,fuel-type-Gas,gas 
0,3.0,122,alfa-romero,gas,std,two,convertible,rwd,front,88.6,0.8111484863046613,0.8865836791147994,0.8160535117056856,2548,dohc,four,130,mpfi,3.47,2.68,9.0,111.0,0.7575757575757576,13495,11.200714285714286,8.711666666666666,low,0,0,1,0
1,3.0,122,alfa-romero,gas,std,two,convertible,rwd,front,88.6,0.8111484863046613,0.8865836791147994,0.8160535117056856,2548,dohc,four,130,mpfi,3.47,2.68,9.0,111.0,0.7575757575757576,16500,11.200714285714286,8.711666666666666,low,0,0,1,0
2,1.0,122,alfa-romero,gas,std,two,hatchback,rwd,front,94.5,0.8226814031715521,0.9059474412171508,0.8762541806020067,2823,ohcv,six,152,mpfi,2.68,3.47,9.0,154.0,0.7575757575757576,16500,12.379736842105263,9.04673076923077,Medium,0,0,1,0
3,2.0,164,audi,gas,std,four,sedan,fwd,front,99.8,0.8486304661220567,0.9156293222683265,0.9080267558528428,2337,ohc,four,109,mpfi,3.19,3.4,10.0,102.0,0.8333333333333334,13950,9.800625,7.8405000000000005,low,0,0,1,0
4,2.0,164,audi,gas,std,four,sedan,4wd,front,99.4,0.8486304661220567,0.9183955739972338,0.9080267558528428,2824,ohc,five,136,mpfi,3.19,3.4,8.0,115.0,0.8333333333333334,17450,13.0675,10.691590909090909,low,0,0,1,0
5,2.0,122,audi,gas,std,two,sedan,fwd,front,99.8,0.8519942335415667,0.91701244813278,0.8879598662207359,2507,ohc,five,136,mpfi,3.19,3.4,8.5,110.0,0.8333333333333334,15250,12.379736842105263,9.4086,low,0,0,1,0
6,1.0,158,audi,gas,std,four,sedan,fwd,front,105.8,0.9259971167707832,0.9875518672199172,0.931438127090301,2844,ohc,five,136,mpfi,3.19,3.4,8.5,110.0,0.8333333333333334,17710,12.379736842105263,9.4086,low,0,0,1,0
7,1.0,122,audi,gas,std,four,wagon,fwd,front,105.8,0.9259971167707832,0.9875518672199172,0.931438127090301,2954,ohc,five,136,mpfi,3.19,3.4,8.5,110.0,0.8333333333333334,18920,12.379736842105263,9.4086,low,0,0,1,0
8,1.0,158,audi,gas,turbo,four,sedan,fwd,front,105.8,0.9259971167707832,0.9875518672199172,0.9347826086956522,3086,ohc,five,131,mpfi,3.13,3.4,8.3,140.0,0.8333333333333334,23875,13.836176470588235,11.76075,Medium,0,0,1,0
9,2.0,192,bmw,gas,std,two,sedan,rwd,front,101.2,0.849591542527631,0.8962655601659751,0.9080267558528428,2395,ohc,four,108,mpfi,3.5,2.8,8.8,101.0,0.8787878787878788,16430,10.226739130434783,8.110862068965517,low,0,0,1,0
10,0.0,192,bmw,gas,std,four,sedan,rwd,front,101.2,0.849591542527631,0.8962655601659751,0.9080267558528428,2395,ohc,four,108,mpfi,3.5,2.8,8.8,101.0,0.8787878787878788,16925,10.226739130434783,8.110862068965517,low,0,0,1,0
11,0.0,188,bmw,gas,std,two,sedan,rwd,front,101.2,0.849591542527631,0.8962655601659751,0.9080267558528428,2710,ohc,six,164,mpfi,3.31,3.19,9.0,121.0,0.6439393939393939,20970,11.200714285714286,8.400535714285715,Medium,0,0,1,0
12,0.0,188,bmw,gas,std,four,sedan,rwd,front,101.2,0.849591542527631,0.8962655601659751,0.9080267558528428,2765,ohc,six,164,mpfi,3.31,3.19,9.0,121.0,0.6439393939393939,21105,11.200714285714286,8.400535714285715,Medium,0,0,1,0
13,1.0,122,bmw,gas,std,four,sedan,rwd,front,103.5,0.9082172032676598,0.9253112033195022,0.931438127090301,3055,ohc,six,164,mpfi,3.31,3.19,9.0,121.0,0.6439393939393939,24565,11.76075,9.4086,Medium,0,0,1,0
14,0.0,122,bmw,gas,std,four,sedan,rwd,front,103.5,0.9082172032676598,0.9253112033195022,0.931438127090301,3230,ohc,six,209,mpfi,3.62,3.39,8.0,182.0,0.8181818181818182,30760,14.7009375,10.691590909090909,Medium,0,0,1,0
15,0.0,122,bmw,gas,std,two,sedan,rwd,front,103.5,0.9312830370014417,0.9391424619640388,0.8979933110367894,3380,ohc,six,209,mpfi,3.62,3.39,8.0,182.0,0.8181818181818182,41315,14.7009375,10.691590909090909,Medium,0,0,1,0
16,0.0,122,bmw,gas,std,four,sedan,rwd,front,110.0,0.9466602594906295,0.9806362378976488,0.9414715719063546,3505,ohc,six,209,mpfi,3.62,3.39,8.0,182.0,0.8181818181818182,36880,15.681000000000001,11.76075,Medium,0,0,1,0
17,2.0,121,chevrolet,gas,std,two,hatchback,fwd,front,88.4,0.6780394041326285,0.8340248962655602,0.8896321070234114,1488,l,three,61,2bbl,2.91,3.03,9.5,48.0,0.7727272727272727,5151,5.0045744680851065,4.438018867924528,low,0,0,1,0
18,1.0,98,chevrolet,gas,std,two,hatchback,fwd,front,94.5,0.7491590581451226,0.8796680497925312,0.8695652173913044,1874,ohc,four,90,2bbl,3.03,3.11,9.6,70.0,0.8181818181818182,6295,6.189868421052632,5.470116279069767,low,0,0,1,0
19,0.0,81,chevrolet,gas,std,four,sedan,fwd,front,94.5,0.7630946660259491,0.8796680497925312,0.8695652173913044,1909,ohc,four,90,2bbl,3.03,3.11,9.6,70.0,0.8181818181818182,6575,6.189868421052632,5.470116279069767,low,0,0,1,0
20,1.0,118,dodge,gas,std,two,hatchback,fwd,front,93.7,0.7558865929841423,0.8824343015214384,0.8494983277591973,1876,ohc,four,90,2bbl,2.97,3.23,9.41,68.0,0.8333333333333334,5572,6.357162162162163,5.736951219512195,low,0,0,1,0
21,1.0,118,dodge,gas,std,two,hatchback,fwd,front,93.7,0.7558865929841423,0.8824343015214384,0.8494983277591973,1876,ohc,four,90,2bbl,2.97,3.23,9.4,68.0,0.8333333333333334,6377,7.587580645161291,6.189868421052632,low,0,0,1,0
22,1.0,118,dodge,gas,turbo,two,hatchback,fwd,front,93.7,0.7558865929841423,0.8824343015214384,0.8494983277591973,2128,ohc,four,98,mpfi,3.03,3.39,7.6,102.0,0.8333333333333334,7957,9.800625,7.8405000000000005,low,0,0,1,0
23,1.0,148,dodge,gas,std,four,hatchback,fwd,front,93.7,0.7558865929841423,0.8824343015214384,0.8461538461538463,1967,ohc,four,90,2bbl,2.97,3.23,9.4,68.0,0.8333333333333334,6229,7.587580645161291,6.189868421052632,low,0,0,1,0
24,1.0,148,dodge,gas,std,four,sedan,fwd,front,93.7,0.7558865929841423,0.8824343015214384,0.8461538461538463,1989,ohc,four,90,2bbl,2.97,3.23,9.4,68.0,0.8333333333333334,6692,7.587580645161291,6.189868421052632,low,0,0,1,0
25,1.0,148,dodge,gas,std,four,sedan,fwd,front,93.7,0.7558865929841423,0.8824343015214384,0.8461538461538463,1989,ohc,four,90,2bbl,2.97,3.23,9.4,68.0,0.8333333333333334,7609,7.587580645161291,6.189868421052632,low,0,0,1,0
26,1.0,148,dodge,gas,turbo,four,sedan,fwd,front,93.7,0.7558865929841423,0.8824343015214384,0.8461538461538463,2191,ohc,four,98,mpfi,3.03,3.39,7.6,102.0,0.8333333333333334,8558,9.800625,7.8405000000000005,low,0,0,1,0
27,-1.0,110,dodge,gas,std,four,wagon,fwd,front,103.3,0.8390197020663143,0.8934993084370677,1.0,2535,ohc,four,122,2bbl,3.34,3.46,8.5,88.0,0.7575757575757576,8921,9.800625,7.8405000000000005,low,0,0,1,0
28,3.0,145,dodge,gas,turbo,two,hatchback,fwd,front,95.9,0.8322921672272945,0.91701244813278,0.8394648829431439,2811,ohc,four,156,mfi,3.6,3.9,7.0,145.0,0.7575757575757576,12964,12.379736842105263,9.800625,Medium,0,0,1,0
29,2.0,137,honda,gas,std,two,hatchback,fwd,front,86.6,0.6948582412301778,0.8838174273858921,0.8494983277591973,1713,ohc,four,92,1bbl,2.91,3.41,9.6,58.0,0.7272727272727273,6479,4.80030612244898,4.355833333333333,low,0,0,1,0
30,2.0,137,honda,gas,std,two,hatchback,fwd,front,86.6,0.6948582412301778,0.8838174273858921,0.8494983277591973,1819,ohc,four,92,1bbl,2.91,3.41,9.2,76.0,0.9090909090909091,6855,7.587580645161291,6.189868421052632,low,0,0,1,0
31,1.0,101,honda,gas,std,two,hatchback,fwd,front,93.7,0.7208073041806824,0.8852005532503459,0.8795986622073579,1837,ohc,four,79,1bbl,2.91,3.07,10.1,60.0,0.8333333333333334,5399,6.189868421052632,5.600357142857143,low,0,0,1,0
32,1.0,101,honda,gas,std,two,hatchback,fwd,front,93.7,0.7208073041806824,0.8852005532503459,0.8795986622073579,1940,ohc,four,92,1bbl,2.91,3.41,9.2,76.0,0.9090909090909091,6529,7.8405000000000005,6.9180882352941175,low,0,0,1,0
33,1.0,101,honda,gas,std,two,hatchback,fwd,front,93.7,0.7208073041806824,0.8852005532503459,0.8795986622073579,1956,ohc,four,92,1bbl,2.91,3.41,9.2,76.0,0.9090909090909091,7129,7.8405000000000005,6.9180882352941175,low,0,0,1,0
34,0.0,110,honda,gas,std,four,sedan,fwd,front,96.5,0.7851994233541567,0.8852005532503459,0.911371237458194,2010,ohc,four,92,1bbl,2.91,3.41,9.2,76.0,0.9090909090909091,7295,7.8405000000000005,6.9180882352941175,low,0,0,1,0
35,0.0,78,honda,gas,std,four,wagon,fwd,front,96.5,0.754925516578568,0.8838174273858921,0.9749163879598662,2024,ohc,four,92,1bbl,2.92,3.41,9.2,76.0,0.9090909090909091,7295,7.8405000000000005,6.9180882352941175,low,0,0,1,0
36,0.0,106,honda,gas,std,two,hatchback,fwd,front,96.5,0.8049014896684287,0.9017980636237899,0.8913043478260869,2236,ohc,four,110,1bbl,3.15,3.58,9.0,86.0,0.8787878787878788,7895,8.711666666666666,7.127727272727273,low,0,0,1,0
37,0.0,106,honda,gas,std,two,hatchback,fwd,front,96.5,0.8049014896684287,0.9017980636237899,0.8913043478260869,2289,ohc,four,110,1bbl,3.15,3.58,9.0,86.0,0.8787878787878788,9095,8.711666666666666,7.127727272727273,low,0,0,1,0
38,0.0,85,honda,gas,std,four,sedan,fwd,front,96.5,0.8428640076886112,0.9017980636237899,0.9046822742474917,2304,ohc,four,110,1bbl,3.15,3.58,9.0,86.0,0.8787878787878788,8845,8.711666666666666,7.127727272727273,low,0,0,1,0
39,0.0,85,honda,gas,std,four,sedan,fwd,front,96.5,0.8428640076886112,0.8644536652835408,0.9046822742474917,2372,ohc,four,110,1bbl,3.15,3.58,9.0,86.0,0.8787878787878788,10295,8.711666666666666,7.127727272727273,low,0,0,1,0
40,0.0,85,honda,gas,std,four,sedan,fwd,front,96.5,0.8428640076886112,0.9017980636237899,0.9046822742474917,2465,ohc,four,110,mpfi,3.15,3.58,9.0,101.0,0.8787878787878788,12945,9.800625,8.400535714285715,low,0,0,1,0
41,1.0,107,honda,gas,std,two,sedan,fwd,front,96.5,0.8125901009130225,0.9128630705394192,0.8528428093645485,2293,ohc,four,110,2bbl,3.15,3.58,9.1,100.0,0.8333333333333334,10345,9.4086,7.587580645161291,low,0,0,1,0
42,0.0,122,isuzu,gas,std,four,sedan,rwd,front,94.3,0.8202787121576165,0.8547717842323651,0.8946488294314382,2337,ohc,four,111,2bbl,3.31,3.23,8.5,78.0,0.7272727272727273,6785,9.800625,8.110862068965517,low,0,0,1,0
43,2.0,122,isuzu,gas,std,two,hatchback,rwd,front,96.0,0.8294089380105718,0.9017980636237899,0.8595317725752508,2734,ohc,four,119,spfi,3.43,3.23,9.2,90.0,0.7575757575757576,11048,9.800625,8.110862068965517,low,0,0,1,0
44,0.0,145,jaguar,gas,std,four,sedan,rwd,front,113.0,0.9591542527630946,0.962655601659751,0.882943143812709,4066,dohc,six,258,mpfi,3.63,4.17,8.1,176.0,0.7196969696969697,32250,15.681000000000001,12.379736842105263,Medium,0,0,1,0
45,0.0,122,jaguar,gas,std,four,sedan,rwd,front,113.0,0.9591542527630946,0.962655601659751,0.882943143812709,4066,dohc,six,258,mpfi,3.63,4.17,8.1,176.0,0.7196969696969697,35550,15.681000000000001,12.379736842105263,Medium,0,0,1,0
46,0.0,122,jaguar,gas,std,two,sedan,rwd,front,102.0,0.921191734742912,0.9764868603042877,0.7993311036789298,3950,ohcv,twelve,326,mpfi,3.54,2.76,11.5,262.0,0.7575757575757576,36000,18.09346153846154,13.836176470588235,High,0,0,1,0
47,1.0,104,mazda,gas,std,two,hatchback,fwd,front,93.1,0.7645362806343105,0.8879668049792532,0.9046822742474917,1890,ohc,four,91,2bbl,3.03,3.15,9.0,68.0,0.7575757575757576,5195,7.8405000000000005,7.587580645161291,low,0,0,1,0
48,1.0,104,mazda,gas,std,two,hatchback,fwd,front,93.1,0.7645362806343105,0.8879668049792532,0.9046822742474917,1900,ohc,four,91,2bbl,3.03,3.15,9.0,68.0,0.7575757575757576,6095,7.587580645161291,6.189868421052632,low,0,0,1,0
49,1.0,104,mazda,gas,std,two,hatchback,fwd,front,93.1,0.7645362806343105,0.8879668049792532,0.9046822742474917,1905,ohc,four,91,2bbl,3.03,3.15,9.0,68.0,0.7575757575757576,6795,7.587580645161291,6.189868421052632,low,0,0,1,0
50,1.0,113,mazda,gas,std,four,sedan,fwd,front,93.1,0.8015377222489188,0.8879668049792532,0.9046822742474917,1945,ohc,four,91,2bbl,3.03,3.15,9.0,68.0,0.7575757575757576,6695,7.587580645161291,6.189868421052632,low,0,0,1,0
51,1.0,113,mazda,gas,std,four,sedan,fwd,front,93.1,0.8015377222489188,0.8879668049792532,0.9046822742474917,1950,ohc,four,91,2bbl,3.08,3.15,9.0,68.0,0.7575757575757576,7395,7.587580645161291,6.189868421052632,low,0,0,1,0
52,3.0,150,mazda,gas,std,two,hatchback,rwd,front,95.3,0.8121095627102355,0.9087136929460582,0.8294314381270904,2380,rotor,two,70,4bbl,3.329166666666666,3.2581944444444444,9.4,101.0,0.9090909090909091,10945,13.836176470588235,10.226739130434783,low,0,0,1,0
53,3.0,150,mazda,gas,std,two,hatchback,rwd,front,95.3,0.8121095627102355,0.9087136929460582,0.8294314381270904,2380,rotor,two,70,4bbl,3.329166666666666,3.2581944444444444,9.4,101.0,0.9090909090909091,11845,13.836176470588235,10.226739130434783,low,0,0,1,0
54,3.0,150,mazda,gas,std,two,hatchback,rwd,front,95.3,0.8121095627102355,0.9087136929460582,0.8294314381270904,2385,rotor,two,70,4bbl,3.329166666666666,3.2581944444444444,9.4,101.0,0.9090909090909091,13645,13.836176470588235,10.226739130434783,low,0,0,1,0
55,3.0,150,mazda,gas,std,two,hatchback,rwd,front,95.3,0.8121095627102355,0.9087136929460582,0.8294314381270904,2500,rotor,two,80,mpfi,3.329166666666666,3.2581944444444444,9.4,135.0,0.9090909090909091,15645,14.7009375,10.226739130434783,Medium,0,0,1,0
56,1.0,129,mazda,gas,std,two,hatchback,fwd,front,98.8,0.8543969245555022,0.9197786998616875,0.8979933110367894,2385,ohc,four,122,2bbl,3.39,3.39,8.6,84.0,0.7272727272727273,8845,9.04673076923077,7.35046875,low,0,0,1,0
57,0.0,115,mazda,gas,std,four,sedan,fwd,front,98.8,0.8543969245555022,0.9197786998616875,0.9280936454849499,2410,ohc,four,122,2bbl,3.39,3.39,8.6,84.0,0.7272727272727273,8495,9.04673076923077,7.35046875,low,0,0,1,0
58,1.0,129,mazda,gas,std,two,hatchback,fwd,front,98.8,0.8543969245555022,0.9197786998616875,0.8979933110367894,2385,ohc,four,122,2bbl,3.39,3.39,8.6,84.0,0.7272727272727273,10595,9.04673076923077,7.35046875,low,0,0,1,0
59,0.0,115,mazda,gas,std,four,sedan,fwd,front,98.8,0.8543969245555022,0.9197786998616875,0.9280936454849499,2410,ohc,four,122,2bbl,3.39,3.39,8.6,84.0,0.7272727272727273,10245,9.04673076923077,7.35046875,low,0,0,1,0
60,0.0,122,mazda,diesel,std,four,sedan,fwd,front,98.8,0.8543969245555022,0.9197786998616875,0.9280936454849499,2443,ohc,four,122,idi,3.39,3.39,22.7,64.0,0.7045454545454546,10795,6.53375,5.600357142857143,low,1,0,0,0
61,0.0,115,mazda,gas,std,four,hatchback,fwd,front,98.8,0.8543969245555022,0.9197786998616875,0.9280936454849499,2425,ohc,four,122,2bbl,3.39,3.39,8.6,84.0,0.7272727272727273,11245,9.04673076923077,7.35046875,low,0,0,1,0
62,0.0,118,mazda,gas,std,four,sedan,rwd,front,104.9,0.8409418548774628,0.9142461964038727,0.9096989966555185,2670,ohc,four,140,mpfi,3.76,3.16,8.0,120.0,0.7575757575757576,18280,12.379736842105263,8.711666666666666,Medium,0,0,1,0
63,0.0,122,mazda,diesel,std,four,sedan,rwd,front,104.9,0.8409418548774628,0.9142461964038727,0.9096989966555185,2700,ohc,four,134,idi,3.43,3.64,22.0,72.0,0.6363636363636364,18344,7.587580645161291,6.031153846153846,low,1,0,0,0
64,-1.0,93,mercedes-benz,diesel,turbo,four,sedan,rwd,front,110.0,0.9173474291206152,0.9723374827109267,0.9448160535117057,3515,ohc,five,183,idi,3.58,3.64,21.5,123.0,0.6590909090909091,25552,10.691590909090909,9.4086,Medium,1,0,0,0
65,-1.0,93,mercedes-benz,diesel,turbo,four,wagon,rwd,front,110.0,0.9173474291206152,0.9723374827109267,0.9816053511705687,3750,ohc,five,183,idi,3.58,3.64,21.5,123.0,0.6590909090909091,28248,10.691590909090909,9.4086,Medium,1,0,0,0
66,0.0,93,mercedes-benz,diesel,turbo,two,hardtop,rwd,front,106.7,0.9010091302258529,0.9723374827109267,0.9180602006688964,3495,ohc,five,183,idi,3.58,3.64,21.5,123.0,0.6590909090909091,28176,10.691590909090909,9.4086,Medium,1,0,0,0
67,-1.0,93,mercedes-benz,diesel,turbo,four,sedan,rwd,front,115.6,0.9735703988467083,0.991701244813278,0.9414715719063546,3770,ohc,five,183,idi,3.58,3.64,21.5,123.0,0.6590909090909091,31600,10.691590909090909,9.4086,Medium,1,0,0,0
68,-1.0,122,mercedes-benz,gas,std,four,sedan,rwd,front,115.6,0.9735703988467083,0.991701244813278,0.9448160535117057,3740,ohcv,eight,234,mpfi,3.46,3.1,8.3,155.0,0.7196969696969697,34184,14.7009375,13.0675,Medium,0,0,1,0
69,3.0,142,mercedes-benz,gas,std,two,convertible,rwd,front,96.6,0.8664103796251803,0.9751037344398341,0.8494983277591973,3685,ohcv,eight,234,mpfi,3.46,3.1,8.3,155.0,0.7196969696969697,35056,14.7009375,13.0675,Medium,0,0,1,0
70,0.0,122,mercedes-benz,gas,std,four,sedan,rwd,front,120.9,1.0,0.991701244813278,0.948160535117057,3900,ohcv,eight,308,mpfi,3.8,3.35,8.0,184.0,0.6818181818181818,40960,16.80107142857143,14.7009375,Medium,0,0,1,0
71,1.0,122,mercedes-benz,gas,std,two,hardtop,rwd,front,112.0,0.9572320999519461,0.995850622406639,0.9264214046822743,3715,ohcv,eight,304,mpfi,3.8,3.35,8.0,184.0,0.6818181818181818,45400,16.80107142857143,14.7009375,Medium,0,0,1,0
72,1.0,122,mercury,gas,turbo,two,hatchback,rwd,front,102.7,0.857280153772225,0.9405255878284924,0.9163879598662207,2910,ohc,four,140,mpfi,3.78,3.12,8.0,175.0,0.7575757575757576,16503,12.379736842105263,9.800625,Medium,0,0,1,0
73,2.0,161,mitsubishi,gas,std,two,hatchback,fwd,front,93.7,0.7558865929841423,0.8907330567081606,0.8494983277591973,1918,ohc,four,92,2bbl,2.97,3.23,9.4,68.0,0.8333333333333334,5389,6.357162162162163,5.736951219512195,low,0,0,1,0
74,2.0,161,mitsubishi,gas,std,two,hatchback,fwd,front,93.7,0.7558865929841423,0.8907330567081606,0.8494983277591973,1944,ohc,four,92,2bbl,2.97,3.23,9.4,68.0,0.8333333333333334,6189,7.587580645161291,6.189868421052632,low,0,0,1,0
75,2.0,161,mitsubishi,gas,std,two,hatchback,fwd,front,93.7,0.7558865929841423,0.8907330567081606,0.8494983277591973,2004,ohc,four,92,2bbl,2.97,3.23,9.4,68.0,0.8333333333333334,6669,7.587580645161291,6.189868421052632,low,0,0,1,0
76,1.0,161,mitsubishi,gas,turbo,two,hatchback,fwd,front,93.0,0.7558865929841423,0.8824343015214384,0.8494983277591973,2145,ohc,four,98,spdi,3.03,3.39,7.6,102.0,0.8333333333333334,7689,9.800625,7.8405000000000005,low,0,0,1,0
77,3.0,153,mitsubishi,gas,turbo,two,hatchback,fwd,front,96.3,0.8313310908217203,0.9045643153526972,0.8260869565217391,2370,ohc,four,110,spdi,3.17,3.46,7.5,116.0,0.8333333333333334,9959,10.226739130434783,7.8405000000000005,low,0,0,1,0
78,3.0,153,mitsubishi,gas,std,two,hatchback,fwd,front,96.3,0.8313310908217203,0.9045643153526972,0.8260869565217391,2328,ohc,four,122,2bbl,3.35,3.46,8.5,88.0,0.7575757575757576,8499,9.4086,7.35046875,low,0,0,1,0
79,3.0,122,mitsubishi,gas,turbo,two,hatchback,fwd,front,95.9,0.8322921672272945,0.91701244813278,0.8394648829431439,2833,ohc,four,156,spdi,3.58,3.86,7.0,145.0,0.7575757575757576,12629,12.379736842105263,9.800625,Medium,0,0,1,0
80,3.0,122,mitsubishi,gas,turbo,two,hatchback,fwd,front,95.9,0.8322921672272945,0.91701244813278,0.8394648829431439,2921,ohc,four,156,spdi,3.59,3.86,7.0,145.0,0.7575757575757576,14869,12.379736842105263,9.800625,Medium,0,0,1,0
81,3.0,122,mitsubishi,gas,turbo,two,hatchback,fwd,front,95.9,0.8322921672272945,0.91701244813278,0.8394648829431439,2926,ohc,four,156,spdi,3.59,3.86,7.0,145.0,0.7575757575757576,14489,12.379736842105263,9.800625,Medium,0,0,1,0
82,1.0,125,mitsubishi,gas,std,four,sedan,fwd,front,96.3,0.8284478616049976,0.9045643153526972,0.8628762541806021,2365,ohc,four,122,2bbl,3.35,3.46,8.5,88.0,0.7575757575757576,6989,9.4086,7.35046875,low,0,0,1,0
83,1.0,125,mitsubishi,gas,std,four,sedan,fwd,front,96.3,0.8284478616049976,0.9045643153526972,0.8628762541806021,2405,ohc,four,122,2bbl,3.35,3.46,8.5,88.0,0.7575757575757576,8189,9.4086,7.35046875,low,0,0,1,0
84,1.0,125,mitsubishi,gas,turbo,four,sedan,fwd,front,96.3,0.8284478616049976,0.9045643153526972,0.8628762541806021,2403,ohc,four,110,spdi,3.17,3.46,7.5,116.0,0.8333333333333334,9279,10.226739130434783,7.8405000000000005,low,0,0,1,0
85,-1.0,137,mitsubishi,gas,std,four,sedan,fwd,front,96.3,0.8284478616049976,0.9045643153526972,0.8628762541806021,2403,ohc,four,110,spdi,3.17,3.46,7.5,116.0,0.8333333333333334,9279,10.226739130434783,7.8405000000000005,low,0,0,1,0
86,1.0,128,nissan,gas,std,two,sedan,fwd,front,94.5,0.794329649207112,0.8824343015214384,0.911371237458194,1889,ohc,four,97,2bbl,3.15,3.29,9.4,69.0,0.7878787878787878,5499,7.587580645161291,6.357162162162163,low,0,0,1,0
87,1.0,128,nissan,diesel,std,two,sedan,fwd,front,94.5,0.794329649207112,0.8824343015214384,0.911371237458194,2017,ohc,four,103,idi,2.99,3.47,21.9,55.0,0.7272727272727273,7099,5.227,4.7043,low,1,0,0,0
88,1.0,128,nissan,gas,std,two,sedan,fwd,front,94.5,0.794329649207112,0.8824343015214384,0.911371237458194,1918,ohc,four,97,2bbl,3.15,3.29,9.4,69.0,0.7878787878787878,6649,7.587580645161291,6.357162162162163,low,0,0,1,0
89,1.0,122,nissan,gas,std,four,sedan,fwd,front,94.5,0.794329649207112,0.8824343015214384,0.911371237458194,1938,ohc,four,97,2bbl,3.15,3.29,9.4,69.0,0.7878787878787878,6849,7.587580645161291,6.357162162162163,low,0,0,1,0
90,1.0,103,nissan,gas,std,four,wagon,fwd,front,94.5,0.8178760211436809,0.8824343015214384,0.8946488294314382,2024,ohc,four,97,2bbl,3.15,3.29,9.4,69.0,0.7878787878787878,7349,7.587580645161291,6.357162162162163,low,0,0,1,0
91,1.0,128,nissan,gas,std,two,sedan,fwd,front,94.5,0.794329649207112,0.8824343015214384,0.911371237458194,1951,ohc,four,97,2bbl,3.15,3.29,9.4,69.0,0.7878787878787878,7299,7.587580645161291,6.357162162162163,low,0,0,1,0
92,1.0,128,nissan,gas,std,two,hatchback,fwd,front,94.5,0.7957712638154734,0.8824343015214384,0.8913043478260869,2028,ohc,four,97,2bbl,3.15,3.29,9.4,69.0,0.7878787878787878,7799,7.587580645161291,6.357162162162163,low,0,0,1,0
93,1.0,122,nissan,gas,std,four,sedan,fwd,front,94.5,0.794329649207112,0.8824343015214384,0.911371237458194,1971,ohc,four,97,2bbl,3.15,3.29,9.4,69.0,0.7878787878787878,7499,7.587580645161291,6.357162162162163,low,0,0,1,0
94,1.0,103,nissan,gas,std,four,wagon,fwd,front,94.5,0.8178760211436809,0.8824343015214384,0.8946488294314382,2037,ohc,four,97,2bbl,3.15,3.29,9.4,69.0,0.7878787878787878,7999,7.587580645161291,6.357162162162163,low,0,0,1,0
95,2.0,168,nissan,gas,std,two,hardtop,fwd,front,95.1,0.7803940413262855,0.8824343015214384,0.8913043478260869,2008,ohc,four,97,2bbl,3.15,3.29,9.4,69.0,0.7878787878787878,8249,7.587580645161291,6.357162162162163,low,0,0,1,0
96,0.0,106,nissan,gas,std,four,hatchback,fwd,front,97.2,0.8332532436328689,0.9017980636237899,0.9147157190635452,2324,ohc,four,120,2bbl,3.33,3.47,8.5,97.0,0.7878787878787878,8949,8.711666666666666,6.9180882352941175,low,0,0,1,0
97,0.0,106,nissan,gas,std,four,sedan,fwd,front,97.2,0.8332532436328689,0.9017980636237899,0.9147157190635452,2302,ohc,four,120,2bbl,3.33,3.47,8.5,97.0,0.7878787878787878,9549,8.711666666666666,6.9180882352941175,low,0,0,1,0
98,0.0,128,nissan,gas,std,four,sedan,fwd,front,100.4,0.8731379144641999,0.9197786998616875,0.9214046822742475,3095,ohcv,six,181,mpfi,3.43,3.27,9.0,152.0,0.7878787878787878,13499,13.836176470588235,10.691590909090909,Medium,0,0,1,0
99,0.0,108,nissan,gas,std,four,wagon,fwd,front,100.4,0.8870735223450265,0.9197786998616875,0.9381270903010034,3296,ohcv,six,181,mpfi,3.43,3.27,9.0,152.0,0.7878787878787878,14399,13.836176470588235,10.691590909090909,Medium,0,0,1,0
100,0.0,108,nissan,gas,std,four,sedan,fwd,front,100.4,0.8870735223450265,0.9197786998616875,0.9214046822742475,3060,ohcv,six,181,mpfi,3.43,3.27,9.0,152.0,0.7878787878787878,13499,12.379736842105263,9.4086,Medium,0,0,1,0
101,3.0,194,nissan,gas,std,two,hatchback,rwd,front,91.3,0.8202787121576165,0.9391424619640388,0.831103678929766,3071,ohcv,six,181,mpfi,3.43,3.27,9.0,160.0,0.7878787878787878,17199,12.379736842105263,9.4086,Medium,0,0,1,0
102,3.0,194,nissan,gas,turbo,two,hatchback,rwd,front,91.3,0.8202787121576165,0.9391424619640388,0.831103678929766,3139,ohcv,six,181,mpfi,3.43,3.27,7.8,200.0,0.7878787878787878,19699,13.836176470588235,10.226739130434783,High,0,0,1,0
103,1.0,231,nissan,gas,std,two,hatchback,rwd,front,99.2,0.857760691975012,0.9391424619640388,0.831103678929766,3139,ohcv,six,181,mpfi,3.43,3.27,9.0,160.0,0.7878787878787878,18399,12.379736842105263,9.4086,Medium,0,0,1,0
104,0.0,161,peugot,gas,std,four,sedan,rwd,front,107.9,0.897164824603556,0.9460580912863071,0.948160535117057,3020,l,four,120,mpfi,3.46,3.19,8.4,97.0,0.7575757575757576,11900,12.379736842105263,9.800625,low,0,0,1,0
105,0.0,161,peugot,diesel,turbo,four,sedan,rwd,front,107.9,0.897164824603556,0.9460580912863071,0.948160535117057,3197,l,four,152,idi,3.7,3.52,21.0,95.0,0.6287878787878788,13200,8.400535714285715,7.127727272727273,low,1,0,0,0
106,0.0,122,peugot,gas,std,four,wagon,rwd,front,114.2,0.9557904853435849,0.9460580912863071,0.9816053511705687,3230,l,four,120,mpfi,3.46,3.19,8.4,97.0,0.7575757575757576,12440,12.379736842105263,9.800625,low,0,0,1,0
107,0.0,122,peugot,diesel,turbo,four,wagon,rwd,front,114.2,0.9557904853435849,0.9460580912863071,0.9816053511705687,3430,l,four,152,idi,3.7,3.52,21.0,95.0,0.6287878787878788,13860,9.4086,9.4086,low,1,0,0,0
108,0.0,161,peugot,gas,std,four,sedan,rwd,front,107.9,0.897164824603556,0.9460580912863071,0.948160535117057,3075,l,four,120,mpfi,3.46,2.19,8.4,95.0,0.7575757575757576,15580,12.379736842105263,9.800625,low,0,0,1,0
109,0.0,161,peugot,diesel,turbo,four,sedan,rwd,front,107.9,0.897164824603556,0.9460580912863071,0.948160535117057,3252,l,four,152,idi,3.7,3.52,21.0,95.0,0.6287878787878788,16900,8.400535714285715,7.127727272727273,low,1,0,0,0
110,0.0,122,peugot,gas,std,four,wagon,rwd,front,114.2,0.9557904853435849,0.9460580912863071,0.948160535117057,3285,l,four,120,mpfi,3.46,2.19,8.4,95.0,0.7575757575757576,16695,12.379736842105263,9.800625,low,0,0,1,0
111,0.0,122,peugot,diesel,turbo,four,wagon,rwd,front,114.2,0.9557904853435849,0.9460580912863071,0.9816053511705687,3485,l,four,152,idi,3.7,3.52,21.0,95.0,0.6287878787878788,17075,9.4086,9.4086,low,1,0,0,0
112,0.0,161,peugot,gas,std,four,sedan,rwd,front,107.9,0.897164824603556,0.9460580912863071,0.948160535117057,3075,l,four,120,mpfi,3.46,3.19,8.4,97.0,0.7575757575757576,16630,12.379736842105263,9.800625,low,0,0,1,0
113,0.0,161,peugot,diesel,turbo,four,sedan,rwd,front,107.9,0.897164824603556,0.9460580912863071,0.948160535117057,3252,l,four,152,idi,3.7,3.52,21.0,95.0,0.6287878787878788,17950,8.400535714285715,7.127727272727273,low,1,0,0,0
114,0.0,161,peugot,gas,turbo,four,sedan,rwd,front,108.0,0.897164824603556,0.9446749654218534,0.9364548494983278,3130,l,four,134,mpfi,3.61,3.21,7.0,142.0,0.8484848484848485,18150,13.0675,9.800625,Medium,0,0,1,0
115,1.0,119,plymouth,gas,std,two,hatchback,fwd,front,93.7,0.7558865929841423,0.8824343015214384,0.8494983277591973,1918,ohc,four,90,2bbl,2.97,3.23,9.4,68.0,0.8333333333333334,5572,6.357162162162163,5.736951219512195,low,0,0,1,0
116,1.0,119,plymouth,gas,turbo,two,hatchback,fwd,front,93.7,0.7558865929841423,0.8824343015214384,0.8494983277591973,2128,ohc,four,98,spdi,3.03,3.39,7.6,102.0,0.8333333333333334,7957,9.800625,7.8405000000000005,low,0,0,1,0
117,1.0,154,plymouth,gas,std,four,hatchback,fwd,front,93.7,0.7558865929841423,0.8824343015214384,0.8461538461538463,1967,ohc,four,90,2bbl,2.97,3.23,9.4,68.0,0.8333333333333334,6229,7.587580645161291,6.189868421052632,low,0,0,1,0
118,1.0,154,plymouth,gas,std,four,sedan,fwd,front,93.7,0.8039404132628545,0.8824343015214384,0.8494983277591973,1989,ohc,four,90,2bbl,2.97,3.23,9.4,68.0,0.8333333333333334,6692,7.587580645161291,6.189868421052632,low,0,0,1,0
119,1.0,154,plymouth,gas,std,four,sedan,fwd,front,93.7,0.8039404132628545,0.8824343015214384,0.8494983277591973,2191,ohc,four,98,2bbl,2.97,3.23,9.4,68.0,0.8333333333333334,7609,7.587580645161291,6.189868421052632,low,0,0,1,0
120,-1.0,74,plymouth,gas,std,four,wagon,fwd,front,103.3,0.8390197020663143,0.8934993084370677,1.0,2535,ohc,four,122,2bbl,3.35,3.46,8.5,88.0,0.7575757575757576,8921,9.800625,7.8405000000000005,low,0,0,1,0
121,3.0,122,plymouth,gas,turbo,two,hatchback,rwd,front,95.9,0.8322921672272945,0.91701244813278,0.8394648829431439,2818,ohc,four,156,spdi,3.59,3.86,7.0,145.0,0.7575757575757576,12764,12.379736842105263,9.800625,Medium,0,0,1,0
122,3.0,186,porsche,gas,std,two,hatchback,rwd,front,94.5,0.8116290245074483,0.9446749654218534,0.8394648829431439,2778,ohc,four,151,mpfi,3.94,3.11,9.5,143.0,0.8333333333333334,22018,12.379736842105263,8.711666666666666,Medium,0,0,1,0
123,3.0,122,porsche,gas,std,two,hardtop,rwd,rear,89.5,0.8116290245074483,0.8990318118948825,0.8628762541806021,2756,ohcf,six,194,mpfi,3.74,2.9,9.5,207.0,0.8939393939393939,32528,13.836176470588235,9.4086,High,0,0,1,0
124,3.0,122,porsche,gas,std,two,hardtop,rwd,rear,89.5,0.8116290245074483,0.8990318118948825,0.8628762541806021,2756,ohcf,six,194,mpfi,3.74,2.9,9.5,207.0,0.8939393939393939,34028,13.836176470588235,9.4086,High,0,0,1,0
125,3.0,122,porsche,gas,std,two,convertible,rwd,rear,89.5,0.8116290245074483,0.8990318118948825,0.8628762541806021,2800,ohcf,six,194,mpfi,3.74,2.9,9.5,207.0,0.8939393939393939,37028,13.836176470588235,9.4086,High,0,0,1,0
126,0.0,122,renault,gas,std,four,wagon,fwd,front,96.1,0.8721768380586257,0.9197786998616875,0.9230769230769231,2579,ohc,four,132,mpfi,3.46,3.9,8.7,108.18807339449542,0.7753336113427857,9295,10.226739130434783,7.587580645161291,low,0,0,1,0
127,2.0,122,renault,gas,std,two,hatchback,fwd,front,96.1,0.849591542527631,0.921161825726141,0.8444816053511706,2460,ohc,four,132,mpfi,3.46,3.9,8.7,108.18807339449542,0.7753336113427857,9895,10.226739130434783,7.587580645161291,low,0,0,1,0
128,3.0,150,saab,gas,std,two,hatchback,fwd,front,99.1,0.8966842864007688,0.9197786998616875,0.9381270903010034,2658,ohc,four,121,mpfi,3.54,3.07,9.31,110.0,0.7954545454545454,11850,11.200714285714286,8.400535714285715,low,0,0,1,0
129,2.0,104,saab,gas,std,four,sedan,fwd,front,99.1,0.8966842864007688,0.9197786998616875,0.9381270903010034,2695,ohc,four,121,mpfi,3.54,3.07,9.3,110.0,0.7954545454545454,12170,11.200714285714286,8.400535714285715,low,0,0,1,0
130,3.0,150,saab,gas,std,two,hatchback,fwd,front,99.1,0.8966842864007688,0.9197786998616875,0.9381270903010034,2707,ohc,four,121,mpfi,2.54,2.07,9.3,110.0,0.7954545454545454,15040,11.200714285714286,8.400535714285715,low,0,0,1,0
131,2.0,104,saab,gas,std,four,sedan,fwd,front,99.1,0.8966842864007688,0.9197786998616875,0.9381270903010034,2758,ohc,four,121,mpfi,3.54,3.07,9.3,110.0,0.7954545454545454,15510,11.200714285714286,8.400535714285715,low,0,0,1,0
132,3.0,150,saab,gas,turbo,two,hatchback,fwd,front,99.1,0.8966842864007688,0.9197786998616875,0.9381270903010034,2808,dohc,four,121,mpfi,3.54,3.07,9.0,160.0,0.8333333333333334,18150,12.379736842105263,9.04673076923077,Medium,0,0,1,0
133,2.0,104,saab,gas,turbo,four,sedan,fwd,front,99.1,0.8966842864007688,0.9197786998616875,0.9381270903010034,2847,dohc,four,121,mpfi,3.54,3.07,9.0,160.0,0.8333333333333334,18620,12.379736842105263,9.04673076923077,Medium,0,0,1,0
134,2.0,83,subaru,gas,std,two,hatchback,fwd,front,93.7,0.7539644401729938,0.8769017980636238,0.8979933110367894,2050,ohcf,four,97,2bbl,3.62,2.36,9.0,69.0,0.7424242424242424,5118,7.587580645161291,6.53375,low,0,0,1,0
135,2.0,83,subaru,gas,std,two,hatchback,fwd,front,93.7,0.758769822200865,0.8796680497925312,0.8979933110367894,2120,ohcf,four,108,2bbl,3.62,2.64,8.7,73.0,0.6666666666666666,7053,9.04673076923077,7.587580645161291,low,0,0,1,0
136,2.0,83,subaru,gas,std,two,hatchback,4wd,front,93.3,0.7558865929841423,0.8824343015214384,0.931438127090301,2240,ohcf,four,108,2bbl,3.62,2.64,8.7,73.0,0.6666666666666666,7603,9.04673076923077,7.587580645161291,low,0,0,1,0
137,0.0,102,subaru,gas,std,four,sedan,fwd,front,97.2,0.8265257087938491,0.9045643153526972,0.8779264214046824,2145,ohcf,four,108,2bbl,3.62,2.64,9.5,82.0,0.7272727272727273,7126,7.35046875,6.357162162162163,low,0,0,1,0
138,0.0,102,subaru,gas,std,four,sedan,fwd,front,97.2,0.8265257087938491,0.9045643153526972,0.8779264214046824,2190,ohcf,four,108,2bbl,3.62,2.64,9.5,82.0,0.6666666666666666,7775,8.400535714285715,7.127727272727273,low,0,0,1,0
139,0.0,102,subaru,gas,std,four,sedan,fwd,front,97.2,0.8265257087938491,0.9045643153526972,0.8779264214046824,2340,ohcf,four,108,mpfi,3.62,2.64,9.0,94.0,0.7878787878787878,9960,9.04673076923077,7.35046875,low,0,0,1,0
140,0.0,102,subaru,gas,std,four,sedan,4wd,front,97.0,0.8265257087938491,0.9045643153526972,0.9080267558528428,2385,ohcf,four,108,2bbl,3.62,2.64,9.0,82.0,0.7272727272727273,9233,9.800625,9.4086,low,0,0,1,0
141,0.0,102,subaru,gas,turbo,four,sedan,4wd,front,97.0,0.8265257087938491,0.9045643153526972,0.9080267558528428,2510,ohcf,four,108,mpfi,3.62,2.64,7.7,111.0,0.7272727272727273,11259,9.800625,8.110862068965517,low,0,0,1,0
142,0.0,89,subaru,gas,std,four,wagon,fwd,front,97.0,0.8337337818356559,0.9045643153526972,0.8862876254180603,2290,ohcf,four,108,2bbl,3.62,2.64,9.0,82.0,0.7272727272727273,7463,8.400535714285715,7.35046875,low,0,0,1,0
143,0.0,89,subaru,gas,std,four,wagon,fwd,front,97.0,0.8337337818356559,0.9045643153526972,0.8862876254180603,2455,ohcf,four,108,mpfi,3.62,2.64,9.0,94.0,0.7878787878787878,10198,9.4086,7.587580645161291,low,0,0,1,0
144,0.0,85,subaru,gas,std,four,wagon,4wd,front,96.9,0.8342143200384431,0.9045643153526972,0.9180602006688964,2420,ohcf,four,108,2bbl,3.62,2.64,9.0,82.0,0.7272727272727273,8013,10.226739130434783,8.110862068965517,low,0,0,1,0
145,0.0,85,subaru,gas,turbo,four,wagon,4wd,front,96.9,0.8342143200384431,0.9045643153526972,0.9180602006688964,2650,ohcf,four,108,mpfi,3.62,2.64,7.7,111.0,0.7272727272727273,11694,10.226739130434783,10.226739130434783,low,0,0,1,0
146,1.0,87,toyota,gas,std,two,hatchback,fwd,front,95.7,0.762614127823162,0.8796680497925312,0.911371237458194,1985,ohc,four,92,2bbl,3.05,3.03,9.0,62.0,0.7272727272727273,5348,6.720428571428571,6.031153846153846,low,0,0,1,0
147,1.0,87,toyota,gas,std,two,hatchback,fwd,front,95.7,0.762614127823162,0.8796680497925312,0.911371237458194,2040,ohc,four,92,2bbl,3.05,3.03,9.0,62.0,0.7272727272727273,6338,7.587580645161291,6.189868421052632,low,0,0,1,0
148,1.0,74,toyota,gas,std,four,hatchback,fwd,front,95.7,0.762614127823162,0.8796680497925312,0.911371237458194,2015,ohc,four,92,2bbl,3.05,3.03,9.0,62.0,0.7272727272727273,6488,7.587580645161291,6.189868421052632,low,0,0,1,0
149,0.0,77,toyota,gas,std,four,wagon,fwd,front,95.7,0.8154733301297453,0.8796680497925312,0.988294314381271,2280,ohc,four,92,2bbl,3.05,3.03,9.0,62.0,0.7272727272727273,6918,7.587580645161291,6.357162162162163,low,0,0,1,0
150,0.0,81,toyota,gas,std,four,wagon,4wd,front,95.7,0.8154733301297453,0.8796680497925312,0.988294314381271,2290,ohc,four,92,2bbl,3.05,3.03,9.0,62.0,0.7272727272727273,7898,8.711666666666666,7.35046875,low,0,0,1,0
151,0.0,91,toyota,gas,std,four,wagon,4wd,front,95.7,0.8154733301297453,0.8796680497925312,0.988294314381271,3110,ohc,four,92,2bbl,3.05,3.03,9.0,62.0,0.7272727272727273,8778,8.711666666666666,7.35046875,low,0,0,1,0
152,0.0,91,toyota,gas,std,four,sedan,fwd,front,95.7,0.7991350312349833,0.8907330567081606,0.8862876254180603,2081,ohc,four,98,2bbl,3.19,3.03,9.0,70.0,0.7272727272727273,6938,7.8405000000000005,6.357162162162163,low,0,0,1,0
153,0.0,91,toyota,gas,std,four,hatchback,fwd,front,95.7,0.7991350312349833,0.8907330567081606,0.882943143812709,2109,ohc,four,98,2bbl,3.19,3.03,9.0,70.0,0.7272727272727273,7198,7.8405000000000005,6.357162162162163,low,0,0,1,0
154,0.0,91,toyota,diesel,std,four,sedan,fwd,front,95.7,0.7991350312349833,0.8907330567081606,0.8862876254180603,2275,ohc,four,110,idi,3.27,3.35,22.5,56.0,0.6818181818181818,7898,6.9180882352941175,6.53375,low,1,0,0,0
155,0.0,91,toyota,diesel,std,four,hatchback,fwd,front,95.7,0.7991350312349833,0.8907330567081606,0.882943143812709,2275,ohc,four,110,idi,3.27,3.35,22.5,56.0,0.6818181818181818,7788,6.189868421052632,5.0045744680851065,low,1,0,0,0
156,0.0,91,toyota,gas,std,four,sedan,fwd,front,95.7,0.7991350312349833,0.8907330567081606,0.8862876254180603,2094,ohc,four,98,2bbl,3.19,3.03,9.0,70.0,0.7272727272727273,7738,6.189868421052632,5.0045744680851065,low,0,0,1,0
157,0.0,91,toyota,gas,std,four,hatchback,fwd,front,95.7,0.7991350312349833,0.8907330567081606,0.882943143812709,2122,ohc,four,98,2bbl,3.19,3.03,9.0,70.0,0.7272727272727273,8358,8.400535714285715,6.9180882352941175,low,0,0,1,0
158,0.0,91,toyota,gas,std,four,sedan,fwd,front,95.7,0.7991350312349833,0.8907330567081606,0.882943143812709,2140,ohc,four,98,2bbl,3.19,3.03,9.0,70.0,0.7272727272727273,9258,8.400535714285715,6.9180882352941175,low,0,0,1,0
159,1.0,168,toyota,gas,std,two,sedan,rwd,front,94.5,0.810667948101874,0.8852005532503459,0.8795986622073579,2169,ohc,four,98,2bbl,3.19,3.03,9.0,70.0,0.7272727272727273,8058,8.110862068965517,6.9180882352941175,low,0,0,1,0
160,1.0,168,toyota,gas,std,two,hatchback,rwd,front,94.5,0.810667948101874,0.8852005532503459,0.8795986622073579,2204,ohc,four,98,2bbl,3.19,3.03,9.0,70.0,0.7272727272727273,8238,8.110862068965517,6.9180882352941175,low,0,0,1,0
161,1.0,168,toyota,gas,std,two,sedan,rwd,front,94.5,0.810667948101874,0.8852005532503459,0.8795986622073579,2265,dohc,four,98,mpfi,3.24,3.08,9.4,112.0,1.0,9298,9.04673076923077,8.110862068965517,low,0,0,1,0
162,1.0,168,toyota,gas,std,two,hatchback,rwd,front,94.5,0.810667948101874,0.8852005532503459,0.8795986622073579,2300,dohc,four,98,mpfi,3.24,3.08,9.4,112.0,1.0,9538,9.04673076923077,8.110862068965517,low,0,0,1,0
163,2.0,134,toyota,gas,std,two,hardtop,rwd,front,97.3,0.8467083133109082,0.9073305670816044,0.8695652173913044,2540,ohc,four,146,mpfi,3.62,3.5,9.3,116.0,0.7272727272727273,8449,9.800625,7.8405000000000005,low,0,0,1,0
164,2.0,134,toyota,gas,std,two,hardtop,rwd,front,98.4,0.8467083133109082,0.9073305670816044,0.8695652173913044,2536,ohc,four,146,mpfi,3.62,3.5,9.3,116.0,0.7272727272727273,9639,9.800625,7.8405000000000005,low,0,0,1,0
165,2.0,134,toyota,gas,std,two,hatchback,rwd,front,98.4,0.8467083133109082,0.9073305670816044,0.8695652173913044,2551,ohc,four,146,mpfi,3.62,3.5,9.3,116.0,0.7272727272727273,9989,9.800625,7.8405000000000005,low,0,0,1,0
166,2.0,134,toyota,gas,std,two,hardtop,rwd,front,98.4,0.8467083133109082,0.9073305670816044,0.8695652173913044,2679,ohc,four,146,mpfi,3.62,3.5,9.3,116.0,0.7272727272727273,11199,9.800625,7.8405000000000005,low,0,0,1,0
167,2.0,134,toyota,gas,std,two,hatchback,rwd,front,98.4,0.8467083133109082,0.9073305670816044,0.8695652173913044,2714,ohc,four,146,mpfi,3.62,3.5,9.3,116.0,0.7272727272727273,11549,9.800625,7.8405000000000005,low,0,0,1,0
168,2.0,134,toyota,gas,std,two,convertible,rwd,front,98.4,0.8467083133109082,0.9073305670816044,0.8862876254180603,2975,ohc,four,146,mpfi,3.62,3.5,9.3,116.0,0.7272727272727273,17669,9.800625,7.8405000000000005,low,0,0,1,0
169,-1.0,65,toyota,gas,std,four,sedan,fwd,front,102.4,0.8438250840941854,0.9197786998616875,0.9180602006688964,2326,ohc,four,122,mpfi,3.31,3.54,8.7,92.0,0.6363636363636364,8948,8.110862068965517,6.9180882352941175,low,0,0,1,0
170,-1.0,65,toyota,diesel,turbo,four,sedan,fwd,front,102.4,0.8438250840941854,0.9197786998616875,0.9180602006688964,2480,ohc,four,110,idi,3.27,3.35,22.5,73.0,0.6818181818181818,10698,7.8405000000000005,7.127727272727273,low,1,0,0,0
171,-1.0,65,toyota,gas,std,four,hatchback,fwd,front,102.4,0.8438250840941854,0.9197786998616875,0.9013377926421405,2414,ohc,four,122,mpfi,3.31,3.54,8.7,92.0,0.6363636363636364,9988,8.711666666666666,7.35046875,low,0,0,1,0
172,-1.0,65,toyota,gas,std,four,sedan,fwd,front,102.4,0.8438250840941854,0.9197786998616875,0.9180602006688964,2414,ohc,four,122,mpfi,3.31,3.54,8.7,92.0,0.6363636363636364,10898,8.711666666666666,7.35046875,low,0,0,1,0
173,-1.0,65,toyota,gas,std,four,hatchback,fwd,front,102.4,0.8438250840941854,0.9197786998616875,0.9013377926421405,2458,ohc,four,122,mpfi,3.31,3.54,8.7,92.0,0.6363636363636364,11248,8.711666666666666,7.35046875,low,0,0,1,0
174,3.0,197,toyota,gas,std,two,hatchback,rwd,front,102.9,0.8817876021143681,0.9363762102351315,0.8695652173913044,2976,dohc,six,171,mpfi,3.27,3.35,9.3,161.0,0.7878787878787878,16558,11.76075,9.800625,Medium,0,0,1,0
175,3.0,197,toyota,gas,std,two,hatchback,rwd,front,102.9,0.8817876021143681,0.9363762102351315,0.8695652173913044,3016,dohc,six,171,mpfi,3.27,3.35,9.3,161.0,0.7878787878787878,15998,12.379736842105263,9.800625,Medium,0,0,1,0
176,-1.0,90,toyota,gas,std,four,sedan,rwd,front,104.5,0.9024507448342144,0.9197786998616875,0.9046822742474917,3131,dohc,six,171,mpfi,3.27,3.35,9.2,156.0,0.7878787878787878,15690,11.76075,9.800625,Medium,0,0,1,0
177,-1.0,122,toyota,gas,std,four,wagon,rwd,front,104.5,0.9024507448342144,0.9197786998616875,0.9046822742474917,3151,dohc,six,161,mpfi,3.27,3.35,9.2,156.0,0.7878787878787878,15750,12.379736842105263,9.800625,Medium,0,0,1,0
178,2.0,122,volkswagen,diesel,std,two,sedan,fwd,front,97.3,0.8250840941854877,0.9059474412171508,0.931438127090301,2261,ohc,four,97,idi,3.01,3.4,23.0,52.0,0.7272727272727273,7775,6.357162162162163,5.113369565217392,low,1,0,0,0
179,2.0,122,volkswagen,gas,std,two,sedan,fwd,front,97.3,0.8250840941854877,0.9059474412171508,0.931438127090301,2209,ohc,four,109,mpfi,3.19,3.4,9.0,85.0,0.7954545454545454,7975,8.711666666666666,6.9180882352941175,low,0,0,1,0
180,2.0,94,volkswagen,diesel,std,four,sedan,fwd,front,97.3,0.8250840941854877,0.9059474412171508,0.931438127090301,2264,ohc,four,97,idi,3.01,3.4,23.0,52.0,0.7272727272727273,7995,6.357162162162163,5.113369565217392,low,1,0,0,0
181,2.0,94,volkswagen,gas,std,four,sedan,fwd,front,97.3,0.8250840941854877,0.9059474412171508,0.931438127090301,2212,ohc,four,109,mpfi,3.19,3.4,9.0,85.0,0.7954545454545454,8195,8.711666666666666,6.9180882352941175,low,0,0,1,0
182,2.0,94,volkswagen,gas,std,four,sedan,fwd,front,97.3,0.8250840941854877,0.9059474412171508,0.931438127090301,2275,ohc,four,109,mpfi,3.19,3.4,9.0,85.0,0.7954545454545454,8495,8.711666666666666,6.9180882352941175,low,0,0,1,0
183,2.0,94,volkswagen,diesel,turbo,four,sedan,fwd,front,97.3,0.8250840941854877,0.9059474412171508,0.931438127090301,2319,ohc,four,97,idi,3.01,3.4,23.0,68.0,0.6818181818181818,9495,6.357162162162163,5.600357142857143,low,1,0,0,0
184,2.0,94,volkswagen,gas,std,four,sedan,fwd,front,65.5,0.8250840941854877,0.9059474412171508,0.931438127090301,2300,ohc,four,109,mpfi,3.19,3.4,10.0,100.0,0.8333333333333334,9995,9.04673076923077,7.35046875,low,0,0,1,0
185,3.0,122,volkswagen,gas,std,two,convertible,fwd,front,94.5,0.7654973570398848,0.8879668049792532,0.9297658862876255,2254,ohc,four,109,mpfi,3.19,3.4,8.5,90.0,0.8333333333333334,11595,9.800625,8.110862068965517,low,0,0,1,0
186,3.0,256,volkswagen,gas,std,two,hatchback,fwd,front,94.5,0.7962518020182604,0.8852005532503459,0.8595317725752508,2221,ohc,four,109,mpfi,3.19,3.4,8.5,90.0,0.8333333333333334,9980,9.800625,8.110862068965517,low,0,0,1,0
187,0.0,122,volkswagen,gas,std,four,sedan,fwd,front,100.4,0.865929841422393,0.9253112033195022,0.9214046822742475,2661,ohc,five,136,mpfi,3.19,3.4,8.5,110.0,0.8333333333333334,13295,12.379736842105263,9.800625,low,0,0,1,0
188,0.0,122,volkswagen,diesel,turbo,four,sedan,fwd,front,100.4,0.865929841422393,0.9253112033195022,0.9214046822742475,2579,ohc,four,97,idi,3.01,3.4,23.0,68.0,0.6818181818181818,13845,7.127727272727273,6.189868421052632,low,1,0,0,0
189,0.0,122,volkswagen,gas,std,four,wagon,fwd,front,100.4,0.8798654493032196,0.9253112033195022,0.9214046822742475,2563,ohc,four,109,mpfi,3.19,3.4,9.0,88.0,0.8333333333333334,12290,9.4086,7.587580645161291,low,0,0,1,0
190,-2.0,103,volvo,gas,std,four,sedan,rwd,front,104.3,0.9072561268620856,0.9294605809128631,0.939799331103679,2912,ohc,four,141,mpfi,3.78,3.15,9.5,114.0,0.8181818181818182,12940,10.226739130434783,8.400535714285715,low,0,0,1,0
191,-1.0,74,volvo,gas,std,four,wagon,rwd,front,104.3,0.9072561268620856,0.9294605809128631,0.9615384615384616,3034,ohc,four,141,mpfi,3.78,3.15,9.5,114.0,0.8181818181818182,13415,10.226739130434783,8.400535714285715,low,0,0,1,0
192,-2.0,103,volvo,gas,std,four,sedan,rwd,front,104.3,0.9072561268620856,0.9294605809128631,0.939799331103679,2935,ohc,four,141,mpfi,3.78,3.15,9.5,114.0,0.8181818181818182,15985,9.800625,8.400535714285715,low,0,0,1,0
193,-1.0,74,volvo,gas,std,four,wagon,rwd,front,104.3,0.9072561268620856,0.9294605809128631,0.9615384615384616,3042,ohc,four,141,mpfi,3.78,3.15,9.5,114.0,0.8181818181818182,16515,9.800625,8.400535714285715,low,0,0,1,0
194,-2.0,103,volvo,gas,turbo,four,sedan,rwd,front,104.3,0.9072561268620856,0.9294605809128631,0.939799331103679,3045,ohc,four,130,mpfi,3.62,3.15,7.5,162.0,0.7727272727272727,18420,13.836176470588235,10.691590909090909,Medium,0,0,1,0
195,-1.0,74,volvo,gas,turbo,four,wagon,rwd,front,104.3,0.9072561268620856,0.9294605809128631,0.9615384615384616,3157,ohc,four,130,mpfi,3.62,3.15,7.5,162.0,0.7727272727272727,18950,13.836176470588235,10.691590909090909,Medium,0,0,1,0
196,-1.0,95,volvo,gas,std,four,sedan,rwd,front,109.1,0.9072561268620856,0.9529737206085755,0.9280936454849499,2952,ohc,four,141,mpfi,3.78,3.15,9.5,114.0,0.8181818181818182,16845,10.226739130434783,8.400535714285715,low,0,0,1,0
197,-1.0,95,volvo,gas,turbo,four,sedan,rwd,front,109.1,0.9072561268620856,0.9515905947441217,0.9280936454849499,3049,ohc,four,141,mpfi,3.78,3.15,8.7,160.0,0.803030303030303,19045,12.379736842105263,9.4086,Medium,0,0,1,0
198,-1.0,95,volvo,gas,std,four,sedan,rwd,front,109.1,0.9072561268620856,0.9529737206085755,0.9280936454849499,3012,ohcv,six,173,mpfi,3.58,2.87,8.8,134.0,0.8333333333333334,21485,13.0675,10.226739130434783,Medium,0,0,1,0
199,-1.0,95,volvo,diesel,turbo,four,sedan,rwd,front,109.1,0.9072561268620856,0.9529737206085755,0.9280936454849499,3217,ohc,six,145,idi,3.01,3.4,23.0,106.0,0.7272727272727273,22470,9.04673076923077,8.711666666666666,low,1,0,0,0
200,-1.0,95,volvo,gas,turbo,four,sedan,rwd,front,109.1,0.9072561268620856,0.9529737206085755,0.9280936454849499,3062,ohc,four,141,mpfi,3.78,3.15,9.5,114.0,0.8181818181818182,22625,7.127727272727273,9.4086,low,0,0,1,0
201,0.8341463414634146,122,Cadillac,gas ,std ,four,hatchback,rwd,front,109.1,0.8467083133109082,0.8852005532503459,0.9615384615384616,3062,ohc,eight,141,idi,3.01,3.6,23.0,235.0,0.7575757575757576,48215,7.127727272727273,8.711666666666666,High,0,0,0,1
202,0.8341463414634146,122,Cadillac,diesel ,turbo,four,hatchback,fwd,rear,109.1,0.9072561268620856,0.9059474412171508,0.9615384615384616,3217,ohc,eight,173,2bbl,3.78,3.15,9.5,235.0,0.8181818181818182,21485,10.226739130434783,7.8405000000000005,High,0,1,0,0
203,0.8341463414634146,122,Cadillac,diesel ,turbo,two,hatchback,rwd,rear,109.1,0.9072561268620856,0.8852005532503459,0.9615384615384616,2212,ohc,eight,173,idi,3.58,3.6,9.5,235.0,0.8181818181818182,22625,7.127727272727273,9.4086,High,0,1,0,0
204,0.8341463414634146,122,Ford ,diesel ,turbo,two,sedan,fwd,rear,97.3,0.8467083133109082,0.9515905947441217,0.8595317725752508,3217,ohc,six,171,2bbl,3.19,3.4,9.5,106.0,0.8333333333333334,21485,10.691590909090909,7.8405000000000005,low,0,1,0,0
205,0.8341463414634146,122,Ford ,diesel ,std,four,sedan,fwd,front,97.3,0.8250840941854877,0.9059474412171508,0.939799331103679,3217,ohcv,six,145,idi,3.27,2.87,23.0,235.0,0.8333333333333334,11199,10.226739130434783,7.35046875,High,0,1,0,0
206,0.8341463414634146,122,Ford ,gas ,turbo,two,sedan,rwd,rear,98.4,0.8250840941854877,0.8852005532503459,0.8595317725752508,2212,ohc,four,171,mpfi,3.05,3.4,9.0,106.0,0.8333333333333334,48215,7.127727272727273,7.8405000000000005,low,0,0,0,1
207,0.8341463414634146,122,Chrysler ,gas,std,two,convertible,fwd,front,104.3,0.8250840941854877,0.9059474412171508,0.939799331103679,2212,ohcv,four,171,idi,3.01,2.87,9.0,235.0,0.7272727272727273,11595,10.226739130434783,8.400535714285715,High,0,0,1,0
208,0.8341463414634146,122,Chrysler ,gas,turbo,two,convertible,rwd,rear,97.3,0.9072561268620856,1.0,0.9615384615384616,3049,ohcv,six,141,mpfi,3.19,3.4,23.0,106.0,0.8333333333333334,22625,9.800625,7.8405000000000005,low,0,0,1,0
209,0.8341463414634146,122,Chrysler ,gas,std,four,hardtop,fwd,front,97.3,0.8467083133109082,0.9515905947441217,0.8595317725752508,3062,ohc,six,171,idi,3.19,3.6,7.5,160.0,0.6363636363636364,21485,10.226739130434783,7.587580645161291,Medium,0,0,1,0
210,0.8341463414634146,122,GMC,gas,turbo,four,convertible,rwd,rear,104.3,0.8250840941854877,1.0,0.9615384615384616,3045,ohc,four,130,mpfi,3.78,3.4,23.0,160.0,0.7272727272727273,22625,10.226739130434783,7.8405000000000005,Medium,0,0,1,0
211,0.8341463414634146,122,GMC,diesel ,std,four,hardtop,rwd,front,97.3,0.9072561268620856,0.9059474412171508,0.8595317725752508,2212,dohc,four,141,idi,3.19,3.6,7.5,106.0,0.6363636363636364,11595,10.226739130434783,11.200714285714286,low,0,1,0,0
212,0.8341463414634146,122,GMC,gas ,turbo,two,hardtop,rwd,rear,98.4,0.9072561268620856,0.9515905947441217,0.9615384615384616,3045,ohc,four,141,mpfi,3.01,3.4,23.0,160.0,0.6363636363636364,21485,7.127727272727273,7.8405000000000005,Medium,0,0,0,1
213,0.8341463414634146,122,Kia,gas ,std,two,hardtop,fwd,front,104.3,0.8467083133109082,0.9059474412171508,0.8695652173913044,3049,ohc,four,130,2bbl,3.01,2.87,23.0,114.0,0.7272727272727273,22625,7.127727272727273,8.110862068965517,low,0,0,0,1
214,0.8341463414634146,122,Kia,diesel ,turbo,four,convertible,rwd,rear,104.3,0.9072561268620856,0.9515905947441217,0.8695652173913044,3049,ohc,four,130,mpfi,3.78,2.87,7.5,114.0,0.8333333333333334,22625,10.226739130434783,7.8405000000000005,low,0,1,0,0
215,0.8341463414634146,122,Kia,diesel ,std,four,hardtop,fwd,rear,104.3,0.8467083133109082,0.9059474412171508,0.8695652173913044,2212,ohc,four,141,mpfi,3.78,3.4,23.0,114.0,0.7272727272727273,21485,7.127727272727273,10.691590909090909,low,0,1,0,0
